"iptProductId","ticketsProductId","usage","scorePercent","status","humanDecision","note"
"793","1075","BOTH","93","PROPOSED_AUTOMATIC","UNDECIDED","Candidate: přepravné kolo krátkodobé-pouze vlak – 120 min, 1,2,3,4,5,6,7,8,9,10,11,12,13"
"814","1076","BOTH","69","PROPOSED_AUTOMATIC","UNDECIDED","Candidate: přepravné kolo celodenní-pouze vlak – do 4:00 následujícího dne, 1,2,3,4,5,6,7,8,9,10,11,12,13"
"865","1001","BOTH","84","PROPOSED_AUTOMATIC","UNDECIDED","Candidate: jednotlivé plnocenné – 15min, 2 pásem"
"867","1002","BOTH","100","PROPOSED_AUTOMATIC","UNDECIDED","Candidate: jednotlivé plnocenné – 30 min, Praha P,0,B resp. 3"
"868","1003","BOTH","100","PROPOSED_AUTOMATIC","UNDECIDED","Candidate: jednotlivé plnocenné – 90 min, Praha P,0,B"
"869","1004","BOTH","100","PROPOSED_AUTOMATIC","UNDECIDED","Candidate: jednotlivé plnocenné – 60 min, 4 pásem"
"870","1005","BOTH","100","PROPOSED_AUTOMATIC","UNDECIDED","Candidate: jednotlivé plnocenné – 90 min, 5 pásem"
"871","1006","BOTH","100","PROPOSED_AUTOMATIC","UNDECIDED","Candidate: jednotlivé plnocenné – 120 min, 6 pásem"
"872","1007","BOTH","100","PROPOSED_AUTOMATIC","UNDECIDED","Candidate: jednotlivé plnocenné – 150 min, 7 pásem"
"873","1008","BOTH","100","PROPOSED_AUTOMATIC","UNDECIDED","Candidate: jednotlivé plnocenné – 180 min, 8 pásem"
"874","1009","BOTH","100","PROPOSED_AUTOMATIC","UNDECIDED","Candidate: jednotlivé plnocenné – 180 min, 9 pásem"
"875","1010","BOTH","100","PROPOSED_AUTOMATIC","UNDECIDED","Candidate: jednotlivé plnocenné – 180 min, 10 pásem"
"876","1011","BOTH","100","PROPOSED_AUTOMATIC","UNDECIDED","Candidate: jednotlivé plnocenné – 180 min, 11 pásem"
"877","1012","BOTH","100","PROPOSED_AUTOMATIC","UNDECIDED","Candidate: jednotlivé plnocenné – 180 min, 12 pásem"
"878","1013","BOTH","100","PROPOSED_AUTOMATIC","UNDECIDED","Candidate: jednotlivé plnocenné – 180 min, 13 pásem"
"879","1014","BOTH","100","PROPOSED_AUTOMATIC","UNDECIDED","Candidate: jednotlivé plnocenné – 180 min, 14 pásem"
"880","1015","BOTH","100","PROPOSED_AUTOMATIC","UNDECIDED","Candidate: jednotlivé plnocenné – 180 min, 15 pásem"
"881","1016","BOTH","100","PROPOSED_AUTOMATIC","UNDECIDED","Candidate: jednotlivé plnocenné – 180 min, 16 pásem"
"882","1045","BOTH","100","PROPOSED_AUTOMATIC","UNDECIDED","Candidate: občanské 24hod P,0,B – 24 hod, Praha P,0,B"
"883","1003","BOTH","78","PROPOSED_AUTOMATIC","UNDECIDED","Candidate: jednotlivé plnocenné – 90 min, Praha P,0,B"
"884","1049","BOTH","100","PROPOSED_AUTOMATIC","UNDECIDED","Candidate: občanské 72hod P,0,B – 72 hod, Praha P,0,B"
"885","1053","BOTH","89","PROPOSED_AUTOMATIC","UNDECIDED","Candidate: občanské 24hod PID – 24 hod, všechna pásma PID"
"886","1054","BOTH","89","PROPOSED_AUTOMATIC","UNDECIDED","Candidate: občanské 24hod Praha XXL – 24 hod, P,0,B,1,2,3,4"
"887","1058","BOTH","84","PROPOSED_AUTOMATIC","REJECTED","Zamítnuto člověkem: podezřelý cenový rozdíl. Candidate: občanské 24hod vnější pásma (1-13) – 24 hod, jen vnější pásma PID"
"888","1058","BOTH","93","PROPOSED_AUTOMATIC","UNDECIDED","Candidate: občanské 24hod vnější pásma (1-13) – 24 hod, jen vnější pásma PID"
"889","1074","BOTH","64","PROPOSED_AUTOMATIC","UNDECIDED","Candidate: přepravné zavazadlo, pes, kolo – všechna"
"890","1061","BOTH","36","PROPOSED_AUTOMATIC","UNDECIDED","Candidate: skupinové 1+2 vnější pásma (1-13) – do 4:00 následujícího dne, jen vnější pásma PID"
"891","1062","BOTH","36","PROPOSED_AUTOMATIC","UNDECIDED","Candidate: skupinové 2+4 vnější pásma (1-13) – do 4:00 následujícího dne, jen vnější pásma PID"
"892","1033","BOTH","84","PROPOSED_AUTOMATIC","UNDECIDED","Candidate: ZTP – 15 min, 2 pásem"
"893","1060","BOTH","84","PROPOSED_AUTOMATIC","REJECTED","Zamítnuto člověkem: podezřelý cenový rozdíl. Candidate: zvláštní 1/4 24hod vnější pásma (1-13) – 24 hod, jen vnější pásma PID"
"894","1060","BOTH","93","PROPOSED_AUTOMATIC","UNDECIDED","Candidate: zvláštní 1/4 24hod vnější pásma (1-13) – 24 hod, jen vnější pásma PID"
"895","1017","BOTH","84","PROPOSED_AUTOMATIC","UNDECIDED","Candidate: zvýhodněná 1/2 – 15 min, 2 pásem"
"896","1059","BOTH","84","PROPOSED_AUTOMATIC","REJECTED","Zamítnuto člověkem: podezřelý cenový rozdíl. Candidate: zvýhodnéná 1/2 24hod vnější pásma (1-13) – 24 hod, jen vnější pásma PID"
"897","1059","BOTH","93","PROPOSED_AUTOMATIC","UNDECIDED","Candidate: zvýhodnéná 1/2 24hod vnější pásma (1-13) – 24 hod, jen vnější pásma PID"
"898","1018","BOTH","100","PROPOSED_AUTOMATIC","UNDECIDED","Candidate: zvýhodněné senior – 30 min, Praha P,0,B"
"899","1019","BOTH","100","PROPOSED_AUTOMATIC","UNDECIDED","Candidate: zvýhodněné senior – 90 min, Praha P,0,B"
"900","1072","BOTH","91","PROPOSED_AUTOMATIC","REJECTED","Zamítnuto člověkem: podezřelý cenový rozdíl. Candidate: bezplatná přeprava senior 65+ – volitelná platnost, P,0,B"
"901","1019","BOTH","78","PROPOSED_AUTOMATIC","UNDECIDED","Candidate: zvýhodněné senior – 90 min, Praha P,0,B"
"902","1034","BOTH","84","PROPOSED_AUTOMATIC","UNDECIDED","Candidate: ZTP – 30 min, 3 pásem"
"903","1035","BOTH","84","PROPOSED_AUTOMATIC","UNDECIDED","Candidate: ZTP – 60 min, 4 pásem"
"904","1036","BOTH","84","PROPOSED_AUTOMATIC","UNDECIDED","Candidate: ZTP – 90 min, 5 pásem"
"905","1037","BOTH","84","PROPOSED_AUTOMATIC","UNDECIDED","Candidate: ZTP – 120 min, 6 pásem"
"906","1038","BOTH","84","PROPOSED_AUTOMATIC","UNDECIDED","Candidate: ZTP – 150 min, 7 pásem"
"907","1039","BOTH","84","PROPOSED_AUTOMATIC","UNDECIDED","Candidate: ZTP – 180 min, 8 pásem"
"908","1040","BOTH","84","PROPOSED_AUTOMATIC","UNDECIDED","Candidate: ZTP – 180 min, 9 pásem"
"909","1041","BOTH","84","PROPOSED_AUTOMATIC","UNDECIDED","Candidate: ZTP – 180 min, 10 pásem"
"910","1042","BOTH","84","PROPOSED_AUTOMATIC","UNDECIDED","Candidate: ZTP – 180 min, 11 pásem"
"911","1043","BOTH","84","PROPOSED_AUTOMATIC","UNDECIDED","Candidate: ZTP – 180 min, 12 pásem"
"912","1044","BOTH","84","PROPOSED_AUTOMATIC","UNDECIDED","Candidate: ZTP – 180 min, 13 pásem"
"913","1020","BOTH","84","PROPOSED_AUTOMATIC","UNDECIDED","Candidate: zvýhodněná 1/2 – 30 min, 3 pásem"
"914","1021","BOTH","84","PROPOSED_AUTOMATIC","UNDECIDED","Candidate: zvýhodněná 1/2 – 60 min, 4 pásem"
"915","1022","BOTH","84","PROPOSED_AUTOMATIC","UNDECIDED","Candidate: zvýhodněná 1/2 – 90 min, 5 pásem"
"916","1023","BOTH","84","PROPOSED_AUTOMATIC","UNDECIDED","Candidate: zvýhodněná 1/2 – 120 min, 6 pásem"
"917","1024","BOTH","84","PROPOSED_AUTOMATIC","UNDECIDED","Candidate: zvýhodněná 1/2 – 150 min, 7 pásem"
"918","1025","BOTH","84","PROPOSED_AUTOMATIC","UNDECIDED","Candidate: zvýhodněná 1/2 – 180 min, 8 pásem"
"919","1026","BOTH","84","PROPOSED_AUTOMATIC","UNDECIDED","Candidate: zvýhodněná 1/2 – 180 min, 9 pásem"
"920","1027","BOTH","84","PROPOSED_AUTOMATIC","UNDECIDED","Candidate: zvýhodněná 1/2 – 180 min, 10 pásem"
"921","1028","BOTH","84","PROPOSED_AUTOMATIC","UNDECIDED","Candidate: zvýhodněná 1/2 – 180 min, 11 pásem"
"922","1029","BOTH","84","PROPOSED_AUTOMATIC","UNDECIDED","Candidate: zvýhodněná 1/2 – 180 min, 12 pásem"
"923","1030","BOTH","84","PROPOSED_AUTOMATIC","UNDECIDED","Candidate: zvýhodněná 1/2 – 180 min, 13 pásem"
"924","1031","BOTH","84","PROPOSED_AUTOMATIC","UNDECIDED","Candidate: zvýhodněná 1/2 – 180 min, 14 pásem"
"925","1032","BOTH","84","PROPOSED_AUTOMATIC","UNDECIDED","Candidate: zvýhodněné 1/2 – 180 min, 15 pásem"
"926","1002","BOTH","89","PROPOSED_AUTOMATIC","UNDECIDED","Candidate: jednotlivé plnocenné – 30 min, Praha P,0,B resp. 3"
"927","1074","BOTH","58","PROPOSED_AUTOMATIC","UNDECIDED","Candidate: přepravné zavazadlo, pes, kolo – všechna"
